{
  "architecture": "nokka_v27",
  "grid_size": 12,
  "n_trials": 10,
  "n_frames": 100,
  "n_samples": 500,
  "timestamp": "2026-03-05T03:45:47",
  "metrics": {
    "eigenvalue_spectrum": {
      "spectral_radius": {
        "mean": 99.25167999267578,
        "std": 1.469380521738057,
        "values": [
          97.2257308959961,
          100.46273040771484,
          100.16773223876953,
          97.99825286865234,
          97.77366638183594,
          99.36857604980469,
          98.34669494628906,
          98.2888412475586,
          101.6262435913086,
          101.25833129882812
        ]
      },
      "effective_dim": {
        "mean": 5.0,
        "std": 0.0,
        "values": [
          5,
          5,
          5,
          5,
          5,
          5,
          5,
          5,
          5,
          5
        ]
      },
      "decay_rate": {
        "mean": -0.029740673041514048,
        "std": 0.0033256552798409202,
        "values": [
          -0.034642856102464724,
          -0.02742251489217,
          -0.027689999628745268,
          -0.027584896994433283,
          -0.02767184828856733,
          -0.03526875647917689,
          -0.027462116296304625,
          -0.03452413358453727,
          -0.027527729623024296,
          -0.027611878525716855
        ]
      }
    },
    "lyapunov": {
      "lambda_max": {
        "mean": -0.21023310736797246,
        "std": 0.2674054782609222,
        "values": [
          -0.8035948224472562,
          -0.33770628059586355,
          0.03346010911439648,
          -0.23101271699435547,
          -0.02011848780474361,
          -0.1298482356742449,
          0.0067947092293762805,
          -0.5693068526708933,
          -0.02847126094636132,
          -0.022527234889779327
        ]
      },
      "dominant_regime": "ORDERED",
      "regime_counts": {
        "ORDERED": 8,
        "CHAOTIC": 1,
        "EDGE-OF-CHAOS": 1
      }
    },
    "memory_horizon": {
      "tau_memory": {
        "mean": 100.0,
        "std": 0.0,
        "values": [
          100,
          100,
          100,
          100,
          100,
          100,
          100,
          100,
          100,
          100
        ]
      },
      "dominant_quality": "LONG (strong fading memory)"
    },
    "perturbation_sensitivity": {
      "linearity_score": {
        "mean": 0.9324607417975509,
        "std": 0.08143856079071186,
        "values": [
          0.9992297391557435,
          0.9962538845852302,
          0.832852547101918,
          0.9994828046556508,
          0.8324774143847053,
          0.999932134197281,
          0.8327749659126619,
          0.8328011211698041,
          0.9988887642372899,
          0.9999140425752231
        ]
      },
      "response_1e-8": {
        "mean": 3.112563689455783e-07,
        "std": 4.4765253283229345e-07,
        "values": [
          1.1920928955078125e-07,
          1.4901161193847656e-06,
          0.0,
          1.4901161193847656e-07,
          0.0,
          3.111453850124235e-07,
          0.0,
          0.0,
          7.152557373046875e-07,
          3.2782554626464844e-07
        ]
      },
      "response_1e-2": {
        "mean": 0.2015541598200798,
        "std": 0.0035618750365611716,
        "values": [
          0.19845546782016754,
          0.19868847727775574,
          0.20460812747478485,
          0.20715464651584625,
          0.1952207088470459,
          0.20392754673957825,
          0.20016615092754364,
          0.20522387325763702,
          0.20288032293319702,
          0.19921627640724182
        ]
      },
      "deltas": [
        1e-08,
        1e-06,
        0.0001,
        0.01,
        0.1
      ],
      "mean_responses": [
        3.112563689455783e-07,
        2.687950873223599e-05,
        0.002016433165408671,
        0.2015541598200798,
        1.9993028521537781
      ]
    },
    "linear_separability": {
      "fisher_ratio": {
        "mean": 1.6476763153394223,
        "std": 0.17585755733626887,
        "values": [
          1.5039103099310573,
          2.0112200350432476,
          1.5304475764871495,
          1.7401940496832093,
          1.7352811347387034,
          1.6191129906611013,
          1.8683495410294773,
          1.52325557101573,
          1.4661702812033157,
          1.4788216636012348
        ]
      },
      "loocv_accuracy": {
        "mean": 0.6506,
        "std": 0.012619033243477898,
        "values": [
          0.666,
          0.628,
          0.652,
          0.668,
          0.652,
          0.636,
          0.638,
          0.662,
          0.656,
          0.648
        ]
      },
      "rule_based_accuracy": {
        "mean": 0.8986000000000001,
        "std": 0.012776541002947563,
        "values": [
          0.9,
          0.914,
          0.902,
          0.87,
          0.902,
          0.898,
          0.916,
          0.904,
          0.884,
          0.896
        ]
      },
      "delta_vs_rule": {
        "mean": -0.24800000000000005,
        "std": 0.02301303978182806,
        "values": [
          -0.23399999999999999,
          -0.28600000000000003,
          -0.25,
          -0.20199999999999996,
          -0.25,
          -0.262,
          -0.278,
          -0.242,
          -0.22799999999999998,
          -0.248
        ]
      }
    }
  }
}